城市,PM2.5(微克每立方米), PM10(微克每立方米), SO2(微克每立方米), NO2(微克每立方米), CO(毫克每立方米), O3(微克每立方米), U(m/s), V(m/s), TEMP(K), RH(%), PSFC(Pa)
七台河,31.3755223880597,46.05223880597015,5.9486567164179105,13.312985074626866,0.41626865671641794,42.5634328358209,7.428955223880597,0.09223880597014927,256.6305970149254,64.31134328358209,99883.32925373134
三亚,25.26,42.07235294117647,11.799999999999999,8.707058823529412,0.5808823529411765,58.578529411764706,-5.879705882352941,-7.0452941176470585,292.3164705882353,78.99588235294118,99150.1455882353
三明,16.576666666666668,27.079238095238097,11.092761904761906,11.919428571428572,0.668,27.674190476190475,-1.4944761904761903,-2.5050476190476187,279.60133333333334,89.17999999999999,96468.50371428572
三门峡,72.39914285714285,107.02757142857143,20.992285714285714,41.229000000000006,0.9748571428571428,34.55585714285714,-3.5468571428571427,2.476714285714286,270.627,29.262285714285717,93161.42057142858
上海,55.705925925925925,72.55333333333334,10.567407407407407,49.25592592592593,0.8166666666666667,32.31703703703703,-0.6766666666666666,-5.861111111111111,280.9996296296296,71.7262962962963,103376.73148148147
上饶,60.088125,81.64020833333333,10.67,33.700833333333335,0.9689583333333333,21.036041666666666,-5.027291666666667,-2.9893750000000003,277.466875,75.21249999999999,99873.09875
东莞,22.17695652173913,32.19826086956522,7.949565217391305,22.936956521739127,0.7791304347826086,31.420869565217394,-4.352173913043478,-5.8160869565217395,286.5704347826087,66.9686956521739,101266.58391304349
东营,34.46941176470588,60.10764705882353,17.70294117647059,44.09323529411765,0.7585294117647059,30.914705882352937,0.09970588235294117,1.486470588235294,272.6961764705882,54.25264705882353,103768.66882352941
中卫,54.9714953271028,88.11532710280375,22.373177570093457,28.6681308411215,0.9868224299065421,30.904205607476637,1.6369158878504673,0.4520560747663551,268.04121495327104,53.96289719626168,85335.91401869159
中山,29.778888888888886,43.885555555555555,7.0744444444444445,43.95333333333333,0.8655555555555555,19.002222222222223,-2.893333333333333,-6.746666666666666,287.9344444444444,66.38555555555556,102399.04222222223
临夏回族自治州,74.5484,100.1296,24.4086,28.8374,1.7138,43.919799999999995,-0.16399999999999998,-0.9018,269.3422,63.8394,75265.5122
临汾,76.452,117.66317647058824,56.497176470588236,51.11976470588235,1.8019999999999998,24.87376470588235,-1.0928235294117647,4.017176470588235,270.20776470588237,24.785176470588233,91126.26611764706
临沂,42.25038461538462,89.39442307692308,16.03519230769231,45.57788461538462,0.9040384615384615,30.83326923076923,-2.9103846153846153,-3.06,272.7125,64.92557692307693,102188.27596153846
临沧,32.48416666666667,45.87866666666666,11.422500000000001,9.101083333333333,0.662,39.82566666666666,-1.2900833333333332,3.0170833333333333,285.27125,93.29216666666666,84704.06175000001
丹东,43.27228070175438,58.97105263157894,14.808771929824562,29.197543859649123,1.0135087719298246,26.932280701754387,-0.08754385964912281,-2.8152631578947367,263.90543859649125,55.295614035087716,101514.17596491228
丽水,62.56135593220339,76.91440677966101,7.989999999999999,38.05406779661017,0.9745762711864406,19.061864406779662,-1.8496610169491525,-2.6227118644067797,275.4132203389831,86.45949152542373,95959.1393220339
丽江,10.122542372881357,14.020677966101696,3.756016949152542,4.83093220338983,0.4726271186440678,72.6664406779661,8.272033898305084,3.283050847457627,278.6814406779661,60.03737288135593,73516.5152542373
乌兰察布,38.91928838951311,60.49419475655431,35.15749063670412,32.42082397003745,0.8659550561797753,24.656779026217226,4.8738202247191005,4.728951310861424,266.0862921348314,42.86842696629214,87441.07722846442
乌海,38.72616883116883,65.39824675324675,26.581818181818182,24.49746753246753,0.9103246753246753,29.96935064935065,1.652077922077922,1.6411688311688313,266.5875974025974,40.481623376623375,88108.92396103895
乌鲁木齐,46.61942105263158,61.766684210526314,2.9558947368421054,14.367947368421051,0.6687368421052632,58.08605263157895,2.3164736842105262,-0.8647894736842106,264.4973684210526,56.42894736842105,83238.73384210526
乐山,73.6794827586207,94.30862068965517,8.67741379310345,22.36931034482759,0.6905172413793103,33.6798275862069,0.3641379310344828,-1.1110344827586207,276.51965517241376,67.05603448275862,89940.68551724138
九江,76.39548387096775,89.56258064516129,15.054516129032258,28.913064516129033,0.8914516129032258,45.440322580645166,-4.949999999999999,-4.349838709677419,278.5356451612903,63.89032258064516,102106.86403225808
云浮,27.408409090909092,39.101136363636364,11.467045454545454,19.693863636363634,0.8331818181818181,28.40068181818182,-3.1743181818181814,-4.228181818181818,284.6520454545455,67.0525,100262.8140909091
五指山,36.38104651162791,53.230348837209306,14.253255813953489,11.779069767441861,0.6575581395348837,42.120232558139534,-4.086860465116279,-5.409302325581395,290.6363953488372,89.76930232558139,99625.88906976745
亳州,87.19944444444444,123.4686111111111,14.026666666666666,49.956944444444446,0.9477777777777777,29.40555555555555,-4.3375,-1.8869444444444445,274.4352777777778,48.893055555555556,103404.22694444444
仙桃,83.25551724137931,126.09344827586207,13.490344827586208,40.37965517241379,1.0803448275862069,33.25793103448276,-2.6786206896551725,-4.091724137931035,277.08655172413796,46.555517241379306,102879.6648275862
伊春,17.123980582524272,23.81388349514563,4.780679611650486,6.951310679611651,0.33126213592233006,40.56728155339806,5.311310679611651,1.2566504854368932,254.05228155339805,67.71849514563107,97936.43781553398
伊犁哈萨克自治州,21.946032608695653,28.279673913043478,4.674239130434782,9.855815217391305,1.157717391304348,57.645163043478256,-0.039836956521739124,1.7176086956521741,268.8163043478261,50.57728260869565,82523.48489130435
佛山,26.083,38.19,6.955500000000001,32.456,0.825,20.865000000000002,-2.468,-7.5,285.7905,62.9145,102415.2735
佳木斯,21.938055555555554,32.24583333333333,6.3563888888888895,13.2325,0.4041666666666667,43.24361111111111,6.342777777777778,1.3163888888888888,255.8802777777778,61.82277777777777,101778.96833333332
保定,74.25746031746033,108.3704761904762,19.58952380952381,60.76761904761905,1.204761904761905,20.154920634920636,1.7187301587301587,2.743174603174603,270.34714285714284,26.79634920634921,101151.45349206349
保山,26.713749999999997,44.560125,10.944625,14.573500000000001,0.49800000000000005,40.996249999999996,1.582,2.0791250000000003,284.09250000000003,89.04525,82168.773375
信阳,91.48386666666667,132.1956,15.486666666666666,48.3752,0.9948,40.535333333333334,-4.943066666666667,-2.0908,275.36813333333333,52.53146666666667,102103.78533333333
克拉玛依,43.9449647887324,56.958626760563384,3.6221478873239437,11.93218309859155,0.5855633802816902,56.55616197183099,0.011619718309859159,-0.7187676056338028,264.33426056338027,67.66278169014085,92891.26665492958
六安,93.87938461538461,133.40615384615384,15.79323076923077,68.97092307692307,0.8953846153846154,33.21307692307692,-4.076461538461539,-0.44153846153846155,275.3953846153846,55.414153846153845,101384.88861538461
六盘水,23.171527777777776,35.456944444444446,9.84611111111111,12.493749999999999,0.6758333333333333,36.23430555555555,2.4283333333333332,4.568611111111111,279.97555555555556,78.86277777777778,82196.36666666667
兰州,55.760892857142856,85.44607142857144,24.509821428571428,32.629642857142855,1.238392857142857,39.917500000000004,-1.2130357142857144,-1.5369642857142858,269.2601785714286,60.04767857142857,79205.48535714285
兴义,27.31514563106796,40.82407766990291,10.894368932038834,4.850194174757282,0.5335922330097087,47.08961165048543,-1.5376699029126213,2.469126213592233,279.7566990291262,71.7121359223301,89638.98349514564
兴安盟,8.302328042328043,10.274761904761904,5.067010582010582,4.152513227513228,0.26743386243386247,40.79275132275132,3.755608465608466,2.346931216931217,260.45526455026453,52.657751322751324,94448.59955026455
内江,74.89451612903225,97.8341935483871,8.878387096774194,31.206774193548387,0.8054838709677419,19.493225806451612,-3.1980645161290324,-1.2361290322580645,280.8803225806452,49.310645161290324,97581.77161290322
凉山彝族自治州,11.949599999999998,15.937771428571429,5.6654857142857145,6.738857142857142,0.4724,70.57302857142858,8.387142857142857,6.037714285714285,279.63577142857145,48.75222857142857,74104.98371428571
包头,60.035954545454544,94.19531818181818,38.32031818181818,51.45518181818181,1.4092272727272728,16.150772727272727,2.4178181818181814,5.132954545454545,265.9037727272727,41.82240909090909,87290.34831818182
北京,38.85807692307692,58.90855769230769,9.644615384615385,41.00451923076923,0.7525961538461539,23.34605769230769,0.8259615384615385,2.2984615384615386,267.2220192307692,38.394807692307694,95819.56875
北海,36.55608695652174,48.081304347826084,14.887391304347824,14.009130434782607,1.0695652173913044,33.880434782608695,-3.5173913043478264,-7.170434782608695,285.7691304347826,63.63826086956522,102027.7495652174
十堰,80.76520325203252,115.53951219512196,16.46918699186992,33.55617886178862,0.956260162601626,42.636178861788615,-3.7886178861788617,0.4869918699186992,272.3589430894309,41.01552845528455,94032.99357723579
南京,60.250454545454545,91.28999999999999,11.92,51.93,0.7731818181818183,28.042727272727276,-3.178181818181818,-4.283181818181818,277.2695454545455,63.062727272727265,103383.33954545455
南充,79.75125,113.09675,9.651250000000001,33.10825,1.057,23.526249999999997,-3.3305,-0.66425,279.79825,55.463499999999996,98202.17850000001
南宁,36.43154761904762,45.87142857142857,10.251071428571429,15.211428571428572,0.7767857142857143,37.24714285714286,-3.2285714285714286,-5.554880952380953,283.6867857142857,59.282500000000006,100435.17583333333
南平,24.096458333333334,35.78541666666667,10.327916666666667,17.84989583333333,0.6885416666666666,29.882604166666667,-1.2675,-2.2317708333333335,279.90010416666667,83.52052083333334,97521.82489583333
南昌,69.1412962962963,94.76592592592591,13.28962962962963,27.120925925925924,0.9688888888888889,36.39351851851852,-3.795185185185185,-3.7205555555555554,279.94203703703704,72.13981481481481,102627.2088888889
南通,44.38184210526316,57.718421052631584,9.580789473684211,26.84578947368421,0.6347368421052632,47.331315789473685,-0.4689473684210526,-5.077105263157895,279.7947368421053,72.16763157894736,103458.52342105264
南阳,125.55602409638554,162.86180722891567,14.989879518072291,48.85662650602409,1.1648192771084338,38.13903614457831,-4.074457831325302,-2.076987951807229,273.5080722891566,36.30843373493976,99963.61253012047
博尔塔拉蒙古自治州,29.14639097744361,46.58827067669173,6.1807518796992476,8.598721804511278,0.8724812030075189,54.47360902255639,1.5915789473684212,0.7110526315789473,267.31,56.06263157894737,86923.26661654134
厦门,12.177931034482759,21.990689655172414,7.105862068965517,16.59551724137931,0.5462068965517242,42.70068965517241,-4.618275862068966,-6.853448275862069,288.0524137931035,79.70172413793104,99079.3675862069
双鸭山,13.213629032258064,16.786774193548386,4.192217741935484,8.199475806451613,0.2931451612903226,42.872137096774196,6.3459274193548385,0.1777016129032258,255.22520161290322,65.16560483870968,101715.23713709677
台州,64.97041666666667,85.08083333333333,11.625,46.134166666666665,0.9045833333333334,18.11,-0.8654166666666666,-6.8308333333333335,280.13416666666666,76.71958333333333,100250.87895833334
合肥,81.34085714285713,108.36371428571428,12.758857142857144,60.216857142857144,0.8502857142857143,27.779999999999998,-4.151142857142857,-2.909142857142857,276.8705714285714,54.761428571428574,103137.61571428571
吉安,65.91411111111111,90.096,19.992444444444445,19.72911111111111,0.9538888888888888,41.25388888888889,-1.595888888888889,-4.151,278.9505555555555,75.46844444444444,100126.06677777777
吉林,33.008993710691826,44.744905660377356,10.53440251572327,18.11182389937107,0.5758490566037736,39.72163522012578,3.4245283018867925,1.9347169811320755,258.58981132075473,67.47415094339622,98241.15767295597
吐鲁番地区,9.994976525821595,16.391161971830986,2.5771713615023475,2.4632629107981217,0.30284037558685445,57.43225352112676,2.4394835680751172,0.03553990610328639,266.2230868544601,43.68434272300469,87184.40181924881
吕梁,84.85368421052632,142.6682105263158,76.12052631578948,54.27136842105263,1.8309473684210527,18.219684210526314,1.0298947368421052,4.8075789473684205,269.31094736842107,25.487894736842104,88705.06663157894
吴忠,64.24563636363636,111.45136363636364,36.69236363636364,33.08990909090909,1.501909090909091,27.075545454545455,1.5573636363636363,4.2816363636363635,268.5257272727273,52.09045454545454,85950.30818181818
周口,125.62065217391304,165.81934782608695,15.221521739130434,50.18630434782609,1.1554347826086957,29.99021739130435,-4.125869565217391,-1.315,274.01260869565215,47.650217391304345,103145.05239130436
呼伦贝尔,3.8855774278215223,4.702362204724409,4.079199475065617,4.322755905511811,0.21742782152230972,40.91742782152231,3.171154855643045,4.740354330708661,256.73177165354326,70.49977690288713,93179.93257217848
呼和浩特,56.94508474576271,99.68327683615819,41.953050847457625,50.92282485875706,1.2133898305084747,20.845310734463276,2.8389830508474576,4.605480225988701,266.1891525423729,39.19062146892655,87613.82237288136
和田地区,7.484196721311475,15.248409836065575,1.6417295081967214,2.246016393442623,0.24939344262295082,65.33891803278688,1.4095,-0.15321311475409835,261.84034426229505,49.49460655737705,70660.21167213115
咸宁,72.81070422535211,100.40690140845071,13.924788732394365,31.11042253521127,0.8595774647887324,43.93647887323943,-4.5046478873239435,-1.8159154929577466,277.806338028169,62.16690140845071,100979.1438028169
咸阳,87.0157142857143,122.79775510204082,27.229591836734695,61.58979591836735,1.4657142857142855,19.847755102040814,-3.7583673469387753,0.586530612244898,272.19591836734696,33.13938775510204,91595.8730612245
哈密地区,5.303144578313253,5.3709277108433735,2.2878554216867473,1.3409156626506025,0.2436144578313253,57.70579518072289,3.061843373493976,0.9402771084337349,265.83384337349395,39.03065060240964,88259.7450120482
哈尔滨,42.34854166666667,56.0859375,14.350052083333333,21.90807291666667,0.6249479166666666,35.17942708333333,3.81453125,2.502708333333333,257.9321875,60.95140625,100472.16270833333
唐山,53.98034482758621,102.14241379310346,27.066379310344825,61.30655172413793,1.5705172413793105,12.178620689655173,-0.08293103448275863,0.7327586206896551,270.44465517241383,38.16827586206896,102835.72068965517
商丘,107.20956521739132,151.35108695652173,15.552391304347825,56.76086956521739,1.1278260869565218,24.938043478260873,-3.597826086956522,-0.6628260869565217,273.5221739130435,43.899565217391306,103252.56152173913
商洛,68.10945945945946,100.20837837837838,21.413378378378376,40.39256756756757,0.971891891891892,32.96297297297298,-2.3060810810810812,2.5395945945945946,269.7118918918919,38.56432432432432,90535.51783783785
喀什地区,12.915498084291189,21.418122605363987,2.3118773946360154,2.468256704980843,0.3219157088122605,58.88980842911877,2.7101724137931034,-0.10371647509578542,264.6864367816092,40.0164367816092,75011.03195402298
嘉兴,88.32565217391304,119.3104347826087,14.358260869565218,70.25739130434783,1.1904347826086956,13.814782608695653,-1.7630434782608695,-5.725652173913043,280.40608695652173,71.82521739130435,103353.76260869566
嘉峪关,9.595829268292682,25.040024390243904,2.8143170731707317,5.324390243902439,0.286609756097561,55.30134146341463,4.925219512195122,-0.9865121951219513,264.56848780487803,43.70048780487805,82648.97812195122
四平,53.08654761904762,71.38988095238095,12.223690476190475,22.72904761904762,0.628452380952381,30.52892857142857,1.715952380952381,2.9929761904761905,261.00130952380954,48.599642857142854,101484.68797619047
固原,51.555625,91.54875,20.46875,29.623,0.98475,37.644125,-0.24737499999999998,4.49625,267.960375,70.759625,81776.566375
塔城地区,17.145833333333332,21.461785714285714,3.905595238095238,5.016904761904762,0.4326190476190477,59.96654761904762,1.0361904761904763,-0.6354761904761905,267.29571428571427,72.39928571428571,89884.86470238095
墨江哈尼族自治县,20.063116883116884,32.64435064935065,8.558051948051949,5.102077922077922,0.4597402597402597,32.32603896103896,-1.3126623376623376,2.1437662337662338,284.4305194805195,94.1907142857143,86688.68246753246
大兴安岭地区,4.673128205128205,8.459811965811966,6.264136752136752,4.49668376068376,0.2596239316239316,42.84852991452991,5.538393162393162,2.7008376068376068,255.37589743589743,62.63423931623932,94968.08699145299
大同,67.46866666666666,114.20466666666667,31.516,49.0744,1.216,21.2668,1.7761333333333333,3.0488,267.4932,27.9956,88203.0572
大庆,31.902912621359224,41.63359223300971,10.28252427184466,19.078932038834953,0.5085436893203884,33.64708737864078,2.721747572815534,2.602815533980582,259.0245631067961,50.536504854368935,101582.53330097087
大理白族自治州,19.638823529411766,29.02098039215686,7.692745098039215,7.080588235294118,0.5267647058823529,55.53745098039215,3.709705882352941,3.773921568627451,282.2776470588235,85.80401960784314,79549.67656862744
大连,27.37027777777778,44.785555555555554,14.8025,28.859166666666667,0.6091666666666666,37.95222222222222,-1.0811111111111111,-0.35305555555555557,268.57222222222225,54.07805555555555,103169.26027777778
天水,49.93,79.73068493150686,23.32383561643836,23.375479452054794,0.8850684931506849,38.408630136986304,-1.7827397260273972,6.01082191780822,269.4979452054794,69.34438356164384,83297.48917808219
天津,43.87714285714286,68.89755102040816,15.97591836734694,61.85204081632653,0.936938775510204,15.070204081632655,0.8942857142857142,2.066530612244898,271.6181632653061,33.533265306122445,103721.72142857141
太原,87.67897435897436,159.60333333333332,63.48076923076923,68.53153846153846,1.6974358974358974,12.776153846153846,1.3266666666666667,3.4784615384615383,269.50974358974355,23.865128205128205,89308.9382051282
威海,13.795357142857142,28.08178571428571,6.129642857142857,15.575000000000001,0.46464285714285714,55.14857142857143,0.24785714285714283,-4.856071428571428,273.1642857142857,61.13035714285714,102954.7225
娄底,62.37984848484848,99.60878787878788,12.642727272727273,26.684848484848487,1.2515151515151515,48.959545454545456,-2.4046969696969698,-4.0634848484848485,277.1795454545454,60.47166666666667,98831.59863636363
孝感,71.52717391304348,109.21978260869564,11.062173913043479,37.49478260869565,1.013695652173913,38.97086956521739,-3.186304347826087,-3.6741304347826085,276.79456521739127,48.74434782608695,102640.40826086958
宁德,23.234615384615385,34.004000000000005,8.708923076923078,25.233538461538462,0.6953846153846154,26.747692307692308,-1.9192307692307693,-4.147692307692308,279.8427692307692,86.55923076923078,95941.582
宁波,85.34351351351351,112.2210810810811,13.997837837837837,61.01486486486487,1.051891891891892,17.942702702702704,-0.5962162162162162,-5.486486486486487,281.1932432432432,76.84243243243243,101673.98513513514
安庆,93.59492307692308,115.48523076923077,13.846461538461538,45.91138461538461,0.9498461538461539,34.758923076923075,-4.7299999999999995,-4.647846153846154,276.5616923076923,59.01846153846154,101229.05261538461
安康,75.23489655172413,100.94689655172414,19.490000000000002,31.883724137931036,0.9053793103448275,36.07779310344827,-3.638206896551724,0.7327586206896551,272.1964137931035,47.725655172413795,90330.96634482758
安阳,76.93954545454545,122.39454545454545,23.76090909090909,55.10090909090909,1.4886363636363635,23.35272727272727,-0.17636363636363636,2.325454545454545,272.41636363636366,26.91681818181818,100498.53318181819
安顺,48.3727868852459,68.8972131147541,14.469999999999999,12.157868852459016,0.5868852459016393,41.44606557377049,-2.0765573770491805,3.009016393442623,277.38065573770496,64.25377049180328,88927.65393442623
定西,45.00107142857143,70.02416666666666,20.95452380952381,12.641309523809522,0.9152380952380952,43.87797619047619,-1.8592857142857144,2.1239285714285714,269.0822619047619,75.18809523809524,77203.45154761904
宜宾,58.84744680851064,76.87510638297873,10.630212765957447,23.894468085106382,0.7553191489361702,25.491063829787233,0.8874468085106383,-1.7914893617021277,279.5734042553192,56.47085106382979,95662.16659574468
宜昌,94.51028846153847,118.06663461538461,14.120480769230769,36.14557692307692,0.8589423076923077,33.73028846153846,-2.0609615384615383,-1.011923076923077,274.0043269230769,37.18846153846154,95485.11451923077
宜春,68.29931034482759,92.64,16.420172413793104,26.786551724137933,0.9129310344827587,41.70189655172414,-3.5396551724137932,-3.421206896551724,277.988275862069,72.20241379310345,99672.58431034483
宝鸡,79.31666666666666,106.22613333333334,18.541866666666667,43.626133333333335,1.0105333333333335,30.889733333333332,-1.8017333333333332,3.3250666666666664,270.38173333333333,48.54493333333333,87061.12613333334
宣城,77.64294117647059,102.36392156862746,12.512941176470587,45.43588235294118,1.0794117647058823,29.55607843137255,-3.7786274509803923,-2.4398039215686276,276.456862745098,68.67627450980392,100199.13862745099
宿州,75.37294117647059,116.67235294117647,12.631764705882354,51.547647058823536,0.9447058823529411,31.20764705882353,-3.9894117647058827,-2.9823529411764707,274.4682352941177,56.16588235294118,103342.24705882353
宿迁,48.90659090909091,86.73477272727273,11.959545454545456,39.663636363636364,0.9084090909090908,32.96931818181818,-3.1984090909090908,-3.983636363636364,275.38704545454544,66.83954545454546,103497.50136363636
山南地区,4.7853420195439735,5.760488599348534,0.9696416938110749,0.9943648208469055,0.12807817589576548,85.66882736156353,6.081693811074918,5.3186970684039085,267.8679478827362,45.662638436482084,62735.29052117264
岳阳,75.57440677966102,110.62847457627119,13.656949152542373,31.277288135593224,0.9449152542372882,40.29118644067796,-3.60864406779661,-3.026101694915254,279.27,55.1393220338983,102286.96508474577
崇左,32.42619047619048,45.5397619047619,12.13404761904762,10.472619047619048,0.7434523809523809,38.291309523809524,-3.373214285714286,-4.265476190476191,283.02261904761906,62.5047619047619,98812.07476190476
巢湖,78.64190476190477,101.40238095238094,12.206666666666665,56.31571428571429,0.8719047619047618,26.755238095238095,-4.386190476190476,-3.746666666666667,276.96999999999997,57.325714285714284,103122.71523809523
巴中,89.39828571428572,122.06657142857142,10.616428571428571,26.516142857142857,1.2038571428571427,27.461285714285715,-3.8698571428571427,0.3385714285714286,276.10714285714283,56.19285714285714,93404.53185714287
巴彦淖尔,38.41494382022472,56.43816479400749,21.404044943820224,22.820299625468166,0.7574906367041199,29.849662921348312,2.9138951310861425,3.8690636704119847,265.62880149812736,37.32831460674157,88377.56692883896
巴音郭楞蒙古自治州,4.869663928304704,8.83052277819268,1.0520911127707244,0.7809111277072442,0.16833457804331592,58.43766243465272,3.152994772218073,-0.08386855862584018,263.6804182225542,45.946034353995515,77896.75734129948
常州,75.6476,106.96520000000001,13.340399999999999,61.315200000000004,1.1059999999999999,25.1024,-2.9652,-5.200399999999999,278.75,68.7684,103358.8356
常德,83.42557377049181,124.16918032786884,16.72377049180328,35.0183606557377,1.0439344262295083,40.45655737704918,-1.8781967213114756,-5.161639344262295,277.40786885245905,47.25459016393443,102065.03
平凉,69.8126530612245,106.65551020408164,19.034285714285712,48.078979591836735,1.0512244897959184,30.628979591836732,-0.3046938775510204,5.123469387755102,269.18673469387755,53.629999999999995,84919.53489795918
平顶山,154.401875,197.26166666666666,21.270625,60.779374999999995,1.439375,26.841250000000002,-2.4410416666666666,-2.1710416666666665,272.7427083333333,37.33125,100916.12208333334
广元,66.60579710144928,98.46449275362319,11.904492753623188,27.523478260869563,1.1207246376811595,18.280869565217394,-2.6046376811594203,0.6810144927536232,276.7417391304348,62.616521739130434,94261.03565217392
广安,69.92770491803279,100.2983606557377,10.872295081967213,35.55950819672131,0.9170491803278689,18.137540983606556,-3.1608196721311477,1.0508196721311474,280.98655737704917,46.118852459016395,98203.69409836065
广州,21.934444444444445,31.720000000000002,7.934074074074074,21.716296296296296,0.7766666666666666,30.150740740740737,-3.123333333333333,-7.471481481481481,285.4848148148148,65.45666666666666,101437.23148148147
庆阳,60.1168253968254,93.86095238095238,27.009047619047617,38.48119047619048,1.2252380952380952,30.06325396825397,-0.16746031746031748,4.451746031746032,269.1547619047619,42.5565873015873,86848.0219047619
廊坊,63.970277777777774,94.19861111111112,16.040555555555557,60.86416666666667,1.1383333333333332,16.370833333333334,1.0277777777777777,3.0616666666666665,270.84055555555557,28.709999999999997,103631.22
延安,58.892561983471076,95.73421487603306,37.94123966942149,53.41148760330579,1.7427272727272727,26.453636363636363,-0.15661157024793387,4.774545454545454,269.23066115702477,36.1804958677686,88790.44330578513
开封,131.4553488372093,165.69511627906977,18.910697674418603,59.90325581395349,1.3044186046511628,27.56232558139535,-2.8255813953488373,-0.19279069767441862,273.163488372093,39.28,102929.7411627907
张家口,44.193599999999996,71.4252,20.4338,33.568733333333334,0.9566,28.1306,2.3101333333333334,3.061466666666667,266.15793333333335,38.306599999999996,88742.8432
张家界,68.78567901234568,103.44209876543209,12.466296296296296,24.89530864197531,0.7724691358024691,52.09098765432098,-4.105802469135803,-2.511604938271605,274.8030864197531,47.90679012345679,96331.57580246913
张掖,13.00984662576687,20.62708588957055,4.502852760736197,5.602914110429448,0.2779754601226994,55.889233128834356,3.949079754601227,0.44024539877300617,264.8485889570552,49.244754601226994,82787.73328220859
徐州,70.07944444444445,122.94111111111111,15.094444444444443,51.75694444444444,0.9974999999999999,28.06361111111111,-3.7830555555555554,-3.1733333333333333,274.0288888888889,62.447500000000005,103367.65611111111
德宏傣族景颇族自治州,30.575833333333332,46.214166666666664,17.421833333333332,11.538833333333335,0.44633333333333336,41.96966666666666,-1.1031666666666666,2.0433333333333334,286.64283333333333,90.15633333333334,85916.24283333334
德州,48.2,89.77190476190476,24.070238095238096,57.32666666666666,0.9121428571428571,23.48309523809524,-0.8833333333333334,2.05,272.1995238095238,33.67166666666667,103632.33476190476
德阳,69.70688888888888,98.18355555555556,6.982,35.06022222222222,0.7206666666666667,22.889333333333333,-0.8991111111111111,-0.06844444444444443,274.83244444444443,69.97311111111111,88579.10733333333
忻州,81.77585365853659,152.79512195121953,54.92182926829268,45.15414634146342,1.2336585365853658,26.34280487804878,2.0852439024390246,4.031707317073171,268.05451219512196,27.177073170731706,86923.40914634147
怀化,57.928969072164946,87.8840206185567,14.218865979381443,22.176701030927834,0.9196907216494845,43.07855670103093,-3.449278350515464,-2.9189690721649484,277.3242268041237,53.469381443298964,97463.15938144331
怒江傈僳族自治州,13.185735294117647,18.952205882352942,3.448823529411765,3.499705882352941,0.2739705882352941,68.17573529411764,4.97985294117647,2.364117647058823,277.9194117647059,80.27573529411765,73872.05029411765
恩施土家族苗族自治州,66.38962962962964,94.77901234567902,13.49185185185185,17.482654320987656,0.7715432098765431,30.848641975308638,-3.5896296296296297,1.7799382716049383,273.7541975308642,49.86895061728395,91499.79672839506
惠州,20.850243902439026,31.093170731707314,10.46390243902439,13.729756097560974,0.7558536585365854,34.71463414634146,-3.4692682926829272,-7.425609756097561,285.9785365853659,70.15341463414634,100872.37585365854
成都,76.71365384615385,107.14288461538462,8.455192307692307,41.35846153846153,0.7565384615384615,23.00692307692308,-1.0655769230769232,-0.31923076923076926,275.53115384615387,66.7401923076923,88784.51596153846
扬州,46.165,74.5775,10.220714285714285,33.942142857142855,0.6307142857142857,38.93857142857143,-2.6132142857142857,-5.041428571428571,277.4814285714286,69.23,103528.44571428571
承德,29.04497142857143,47.832628571428565,11.9456,29.756457142857144,0.6702285714285715,28.484914285714282,2.5493714285714284,2.599428571428571,264.09977142857144,48.827714285714286,92259.38754285715
抚州,60.33566666666667,85.18333333333334,15.875777777777778,20.162333333333333,0.8689999999999999,31.491444444444443,-1.662777777777778,-3.197666666666667,278.04255555555557,82.31866666666667,99955.869
抚顺,62.79815789473684,84.25684210526315,16.063684210526315,35.469210526315784,1.0376315789473685,25.316315789473684,0.7944736842105263,1.1486842105263158,261.12394736842106,60.165789473684214,99242.44710526317
拉萨,2.841924528301887,4.57811320754717,0.2840377358490566,2.582943396226415,0.14969811320754717,84.12698113207547,9.962566037735849,5.53633962264151,263.0095094339623,38.11528301886792,55792.740226415095
揭阳,24.66413793103448,36.66827586206897,13.847586206896551,21.908275862068965,1.0258620689655173,23.891379310344828,-3.393103448275862,-6.052758620689655,288.1793103448276,73.09482758620689,100414.92103448276
攀枝花,22.73721153846154,31.24932692307692,12.461442307692307,18.646538461538462,1.1406730769230768,46.48557692307692,5.945192307692308,6.502884615384615,283.56105769230766,67.61942307692308,80141.64749999999
文山壮族苗族自治州,23.751338582677167,35.59622047244095,11.848031496062992,4.396535433070866,0.6146456692913386,38.678661417322836,-0.3858267716535433,1.6577952755905512,281.52645669291337,85.61409448818897,86846.09149606299
新乡,86.3056,125.154,18.674,58.861599999999996,1.1904000000000001,24.274,-1.3840000000000001,-0.5504,272.8616,28.8856,101804.27679999999
新余,72.63,102.40166666666667,21.27388888888889,30.001388888888886,1.0405555555555557,35.30972222222223,-2.8241666666666667,-4.041388888888889,279.13222222222225,73.9361111111111,101489.04861111111
无锡,67.96055555555556,101.37333333333333,14.578333333333335,61.28222222222222,1.0561111111111112,24.775,-2.138888888888889,-5.7683333333333335,279.72222222222223,72.205,103397.08444444445
日喀则地区,4.116048689138577,4.645852059925094,0.5525468164794007,0.48565543071161044,0.1369756554307116,85.60970037453184,6.523043071161048,2.5137172284644196,259.16016853932587,51.81819288389513,55047.17736891386
日照,28.415945945945943,62.18405405405405,10.226216216216216,36.57864864864865,0.6878378378378378,34.34621621621621,-2.1924324324324327,-3.6705405405405407,272.6708108108108,64.47837837837838,102154.02513513513
昆明,22.591282051282054,35.11371794871795,10.88423076923077,18.503974358974357,0.8194871794871795,33.630769230769225,4.557051282051282,4.395384615384615,282.2414102564103,92.20692307692308,79951.38743589743
昌吉回族自治州,27.810577777777777,34.25884444444444,2.6377333333333333,7.986088888888889,0.3704,63.459244444444444,-0.8728444444444445,0.8757777777777779,265.9242222222222,53.28035555555555,92564.32920000001
昌都地区,4.050727272727273,5.679204545454545,0.7502045454545454,0.9805909090909091,0.16188636363636363,88.02795454545455,7.137977272727273,7.440954545454545,264.13520454545454,58.27593181818182,59440.77522727273
昭通,40.31256637168141,52.91699115044248,10.360530973451327,10.15575221238938,0.6410619469026548,44.0753982300885,2.5828318584070797,1.5285840707964602,278.59654867256637,69.27946902654867,83244.27920353983
晋中,67.31941176470589,119.36176470588236,51.45235294117647,57.709117647058825,1.5891176470588235,17.14764705882353,0.9520588235294117,3.8252941176470587,269.5344117647059,23.34470588235294,89439.84617647059
晋城,45.105000000000004,86.01537037037036,31.729444444444443,43.285740740740735,1.317962962962963,28.03518518518519,0.5009259259259259,3.873518518518518,268.7325925925926,25.60833333333333,90314.57129629629
景德镇,56.24037735849057,73.19981132075472,10.366037735849057,17.970943396226417,0.8381132075471699,33.47056603773585,-5.079433962264151,-2.886603773584906,278.08622641509436,63.861698113207545,101865.5716981132
曲靖,22.47056451612903,36.03346774193548,10.300887096774193,14.076532258064516,0.7037903225806451,40.14330645161291,5.943145161290323,4.6305645161290325,282.0746774193548,86.33548387096775,80349.0514516129
朔州,89.36086206896552,184.80275862068964,74.90672413793104,49.59724137931034,1.5768965517241378,20.935,3.0906896551724135,3.7701724137931034,267.48275862068965,33.580862068965516,87412.77568965517
朝阳,35.095238095238095,63.83057142857143,21.843333333333334,24.942571428571426,0.989047619047619,30.593904761904763,3.0973333333333337,2.6361904761904764,265.3424761904762,41.97371428571429,97383.74914285714
本溪,50.404545454545456,69.6525,15.230454545454545,35.7984090909091,1.2922727272727272,25.079090909090908,0.8415909090909092,-1.1145454545454545,261.33568181818185,59.62386363636363,97978.44977272727
来宾,41.59350877192983,51.57666666666667,10.774736842105263,13.74561403508772,0.6842105263157895,42.45894736842105,-2.349122807017544,-6.1866666666666665,282.9936842105263,59.92456140350877,99952.3103508772
杭州,79.71818181818182,118.00545454545454,10.924772727272726,50.48090909090909,1.2697727272727273,14.538863636363637,-1.6409090909090909,-3.9088636363636367,277.61386363636365,71.555,101000.09068181818
松原,34.072604166666665,44.50083333333333,8.88,15.324166666666665,0.5130208333333334,30.273958333333336,2.7932291666666664,3.1913541666666667,260.0571875,47.452708333333334,101497.63697916667
林芝地区,6.963306772908366,7.680278884462151,1.4329083665338647,1.581414342629482,0.14868525896414342,87.78328685258964,0.7539641434262948,4.383884462151395,269.7125697211155,72.6472310756972,67984.31193227092
果洛藏族自治州,2.9550252525252527,3.2913636363636365,0.4997222222222222,0.8611616161616161,0.1317929292929293,78.68719696969697,7.084621212121212,3.2556818181818183,261.4860353535353,65.57199494949495,59989.34676767677
枣庄,58.60371428571429,109.08914285714286,16.42285714285714,49.86685714285714,0.8625714285714287,28.428285714285714,-3.9291428571428573,-1.062,273.00399999999996,56.36685714285714,102211.32371428571
柳州,47.21259615384615,58.298269230769236,13.452596153846153,11.371634615384616,0.5988461538461538,49.56134615384615,-3.3574038461538462,-5.366923076923077,280.4608653846154,56.017019230769236,98166.9571153846
株洲,86.644,107.35485714285714,17.126285714285714,28.419714285714285,1.0554285714285716,35.484857142857145,-2.964857142857143,-3.3728571428571428,279.8922857142857,64.92314285714285,101269.37457142856
桂林,63.0083,78.2598,14.853299999999999,16.296,0.6515000000000001,55.3389,-4.2135,-4.4344,278.9456,62.904300000000006,96372.14199999999
梅州,21.0784375,32.88765625,13.2446875,13.64703125,0.88796875,28.41703125,-0.69546875,-4.725625,284.6778125,75.914375,99070.2490625
梧州,31.75560606060606,42.499848484848485,11.873787878787878,15.108484848484848,0.9178787878787878,34.50742424242424,-3.581969696969697,-4.96030303030303,284.15621212121215,66.27666666666667,100424.92318181817
楚雄彝族自治州,24.248623853211008,31.003669724770642,8.170825688073394,6.129174311926606,0.6498165137614679,47.514587155963305,3.0003669724770643,5.32651376146789,283.0394495412844,91.90880733944954,81387.78504587157
榆林,68.49467948717948,112.7773717948718,49.950448717948724,61.86807692307692,2.0475000000000003,20.038076923076922,0.39237179487179485,5.117692307692308,268.7772435897436,39.74685897435898,89331.55500000001
武威,36.307719298245615,66.97552631578948,13.856929824561403,17.153333333333332,0.7080701754385965,50.885000000000005,3.08359649122807,-0.588421052631579,266.1690350877193,52.35394736842105,80514.57201754386
武汉,76.58583333333334,103.26111111111112,11.334722222222222,43.63305555555556,0.9438888888888888,31.296666666666667,-3.2347222222222225,-1.9316666666666669,278.30055555555555,47.20194444444444,103081.45944444445
毕节,39.010253164556964,55.988734177215186,12.546582278481011,18.672151898734175,0.7836708860759494,26.069113924050633,-1.5243037974683544,3.723417721518987,277.8849367088608,72.79202531645569,86050.2735443038
永州,77.04709302325581,97.75348837209302,12.320348837209302,24.612325581395346,0.8833720930232558,46.29523255813953,-2.5873255813953486,-4.210697674418605,277.9613953488372,71.61209302325582,98000.6923255814
汉中,84.86259259259259,111.56527777777777,14.979166666666666,28.423425925925926,1.0644444444444445,26.388240740740738,-3.6660185185185186,1.545,272.2837962962963,53.84287037037037,89451.17787037037
汕头,23.654444444444444,38.99777777777778,12.976666666666667,23.266666666666666,0.8933333333333334,27.89,-5.657777777777778,-7.344444444444444,290.2322222222222,75.16000000000001,102268.58666666667
汕尾,20.471944444444446,30.814166666666665,13.131388888888889,14.92111111111111,0.8097222222222222,32.17472222222222,-4.12,-6.371388888888889,287.82194444444445,72.25361111111111,100079.22666666667
江门,32.13542857142857,44.68228571428572,10.402285714285714,35.351142857142854,0.8071428571428572,20.814,-2.7617142857142856,-8.201142857142857,286.354,65.1782857142857,101760.25457142858
池州,80.98933333333333,100.19933333333333,12.370333333333333,32.032666666666664,0.9306666666666668,35.794999999999995,-5.537333333333334,-2.2933333333333334,276.428,63.46,100377.80833333333
沈阳,54.65096153846154,84.9375,23.871923076923075,36.77057692307692,0.8898076923076924,23.64173076923077,0.3067307692307692,2.1794230769230767,263.22115384615387,46.89884615384615,102856.63288461539
沧州,49.142857142857146,75.68469387755103,20.67265306122449,53.119183673469394,0.9561224489795919,25.183061224489798,0.00673469387755102,2.5961224489795915,271.6614285714286,31.200408163265305,103704.27591836733
河池,43.31426356589147,56.08705426356589,15.195116279069769,7.904418604651163,0.6252713178294573,42.52813953488372,-3.1165891472868217,-2.756124031007752,280.58813953488374,55.08503875968992,96208.57387596898
河源,24.01945205479452,35.758356164383564,15.412328767123286,12.808219178082192,0.8172602739726027,35.341369863013696,-1.579178082191781,-7.173424657534246,282.5839726027397,76.90068493150685,98832.74945205479
泉州,13.852753623188406,21.451884057971014,6.743623188405797,17.382753623188407,0.453768115942029,46.490434782608695,-3.0831884057971015,-5.567536231884058,288.9475362318841,77.45463768115943,97890.51086956522
泰安,64.14608695652174,109.06521739130434,18.799130434782608,55.24521739130435,1.077391304347826,22.30913043478261,-3.109565217391304,0.6378260869565218,272.2926086956522,48.80956521739131,101818.51260869566
泰州,49.87147058823529,72.61088235294118,10.308235294117647,32.88411764705882,0.7173529411764706,39.52441176470588,-0.8114705882352942,-5.331176470588235,277.9091176470588,72.79911764705882,103463.11735294118
泸州,55.24285714285715,75.90835164835164,13.937582417582417,23.336483516483515,0.7162637362637363,23.749670329670327,-2.9331868131868135,1.7746153846153847,280.4469230769231,48.471318681318685,95628.99769230768
洛阳,96.30907692307693,142.89846153846153,21.90953846153846,56.72169230769231,1.2355384615384615,23.30876923076923,-2.48,0.12876923076923077,271.07030769230767,31.347384615384613,97118.16630769231
济南,58.068000000000005,110.3956,26.2684,62.51480000000001,1.054,18.263199999999998,-1.3532,2.2744,272.1968,45.3876,102185.802
济宁,67.81421052631579,117.12157894736842,19.464736842105264,55.80105263157895,1.0755263157894737,21.37578947368421,-2.915263157894737,-0.21999999999999997,273.44473684210527,44.23921052631579,103339.75421052631
海东地区,55.377884615384616,64.93788461538462,21.242884615384618,22.84423076923077,1.0384615384615385,50.03115384615384,-0.7940384615384615,0.14884615384615385,268.1048076923077,61.37557692307693,73626.06692307693
海北藏族自治州,4.622538461538461,5.535153846153847,1.5460769230769231,1.474,0.1493076923076923,70.31315384615384,2.8322307692307693,-0.4833846153846154,263.007,61.383230769230764,65971.08646153846
海南藏族自治州,3.506838709677419,3.8412258064516127,0.5684516129032258,0.8130967741935484,0.13064516129032258,68.18129032258065,4.03141935483871,0.17903225806451614,264.9323225806452,58.319870967741934,66004.36780645161
海口,33.15021276595745,46.98936170212766,11.242340425531914,13.862127659574467,0.722127659574468,36.33340425531915,-5.244255319148936,-6.369787234042553,291.99361702127663,83.37765957446808,101761.57063829788
海西蒙古族藏族自治州,3.2605612998522897,3.702466765140325,0.8371344165435746,0.7570162481536189,0.13914327917282127,66.08810930576071,3.0753323485967505,0.1248744460856721,261.5407680945347,61.915022156573116,65781.82615952734
淄博,50.9046875,98.02312500000001,24.0378125,51.96875,1.1225,22.6,-1.124375,1.973125,271.4928125,58.105624999999996,101532.8715625
淮北,82.06176470588235,125.92941176470589,15.570882352941176,57.754705882352944,0.9829411764705883,24.384705882352943,-4.173529411764706,-1.586764705882353,273.965,52.55852941176471,103338.49529411765
淮南,81.55771428571428,118.84914285714287,15.999428571428572,53.958571428571425,0.8394285714285714,31.067428571428575,-4.552,-2.6817142857142855,275.84285714285716,53.21,103344.54628571428
淮安,40.413333333333334,73.155,10.745000000000001,33.662142857142854,0.6926190476190476,36.69428571428572,-2.8600000000000003,-4.442857142857143,276.86095238095237,71.03142857142858,103584.44952380953
深圳,27.185000000000002,43.11916666666667,8.233333333333334,31.526666666666667,0.8250000000000001,22.18166666666667,-3.920833333333333,-8.08,287.2083333333333,69.405,101791.93583333334
清远,32.472750000000005,46.346625,15.01575,18.18375,0.8484999999999999,33.685874999999996,-2.7105,-6.289,282.01725,72.249875,98152.678125
温州,46.10068181818182,63.51136363636363,9.668181818181818,38.74340909090909,0.895909090909091,16.31681818181818,0.20659090909090908,-5.8136363636363635,279.74477272727273,74.3325,99531.94704545454
渭南,80.02368421052633,125.05438596491229,32.64578947368421,53.92771929824561,1.4882456140350877,22.600701754385966,-4.453333333333333,0.1243859649122807,273.2921052631579,26.542105263157897,94658.35192982455
湖州,78.57233333333333,107.44766666666666,12.929333333333334,60.52033333333333,1.1526666666666665,18.907,-2.478666666666667,-4.194999999999999,279.4363333333333,68.748,102638.08166666668
湘潭,94.99407407407408,122.63407407407406,11.75851851851852,42.09518518518518,1.1300000000000001,34.60925925925926,-0.8844444444444444,-4.2340740740740745,279.05518518518517,62.9837037037037,101927.31259259259
湘西土家族苗族自治州,58.327333333333335,87.97977777777778,9.66711111111111,22.25111111111111,0.7034444444444444,47.80166666666666,-4.384222222222222,-1.5094444444444444,275.7252222222222,48.42455555555556,96750.69611111112
湛江,42.392820512820514,52.93974358974359,16.188717948717947,14.57923076923077,0.892051282051282,38.016666666666666,-2.928974358974359,-5.707179487179487,288.5733333333333,64.2851282051282,102185.74487179487
滁州,60.90675,86.0255,12.08575,41.2745,0.67275,36.6815,-3.82575,-3.4244999999999997,276.69275,60.7765,102988.54625
滨州,37.538000000000004,63.598,18.664666666666665,53.82266666666666,0.8180000000000001,26.013777777777776,-0.42644444444444446,2.1895555555555557,272.24977777777775,46.488,103733.32133333333
漯河,160.4996,203.5204,17.7164,54.7304,1.3004,32.1652,-2.9928,-1.8444,273.5748,44.6516,102760.0616
漳州,15.440652173913042,27.653695652173912,9.291956521739131,18.315217391304348,0.7091304347826086,31.055217391304346,-3.9663043478260867,-4.895869565217391,286.7604347826087,80.07195652173912,98887.88043478261
潍坊,40.03508771929825,77.23315789473685,14.786666666666667,42.11736842105263,0.9,31.965087719298246,-0.8375438596491228,0.11228070175438597,272.00280701754383,65.61912280701755,102800.20228070176
潮州,20.1084,32.3636,11.552,18.4476,0.8676,28.32,-5.1292,-6.000800000000001,287.9652,76.39519999999999,99901.314
濮阳,94.14421052631579,135.12447368421053,24.06763157894737,58.94157894736843,1.301842105263158,26.558684210526316,-1.8305263157894738,1.6476315789473683,272.9265789473684,36.97078947368421,103229.76631578947
烟台,28.342549019607844,49.56058823529412,11.704117647058823,29.40705882352941,0.7992156862745098,41.672941176470594,-0.47,-1.358627450980392,272.2203921568627,74.91980392156863,102476.14392156863
焦作,62.43863636363637,107.69477272727272,20.802045454545453,53.85863636363637,1.1452272727272728,22.05090909090909,-1.9711363636363637,0.7236363636363636,271.11045454545456,27.363863636363636,97106.94977272727
牡丹江,31.16165517241379,38.50372413793104,7.3359655172413785,12.548379310344828,0.4757586206896552,41.996758620689654,6.745448275862069,-0.978793103448276,257.40772413793104,63.21413793103448,96705.30013793103
玉林,31.229322033898306,44.6,12.356271186440678,14.873220338983051,0.9276271186440678,31.806101694915252,-4.798305084745763,-6.680847457627119,284.57237288135593,67.03813559322033,100235.25966101696
玉树藏族自治州,3.10832674571805,3.6096442687747032,0.43198945981554676,0.7151119894598156,0.14837944664031621,77.20899868247695,5.484861660079051,3.4103162055335967,259.62403162055335,70.43799736495389,57562.90795783926
玉溪,18.935054945054944,29.49637362637363,8.344395604395604,8.6289010989011,0.5737362637362637,42.628571428571426,1.0138461538461538,3.5246153846153847,283.6904395604396,92.80494505494505,83881.97593406594
珠海,33.88666666666667,49.794444444444444,13.033333333333333,43.71666666666667,0.7877777777777778,24.307777777777776,-3.605555555555556,-8.507777777777777,288.75333333333333,71.07666666666667,102279.4888888889
甘南藏族自治州,8.147278911564626,10.175102040816327,2.534829931972789,2.8127891156462588,0.2574829931972789,71.35673469387756,4.963265306122449,1.606734693877551,268.7991156462585,51.56503401360545,67419.78639455781
甘孜藏族自治州,2.8237244897959184,3.0940306122448975,0.6699489795918367,1.015765306122449,0.12239795918367347,85.48655612244899,10.144336734693878,4.7950255102040815,267.43625,44.36885204081633,60806.83635204082
白城,26.943716216216217,33.3697972972973,8.636283783783785,10.742094594594594,0.4868243243243243,33.40824324324324,1.9820270270270268,3.108783783783784,260.89635135135137,45.55175675675675,101593.10682432432
白山,38.83080882352941,47.086985294117646,12.52970588235294,17.522720588235295,0.6209558823529412,36.84294117647059,3.411691176470588,1.3497794117647057,256.7933823529412,70.34470588235294,93483.16933823528
白银,51.17253012048192,81.8156626506024,24.307831325301205,20.311686746987952,0.9951807228915662,40.19481927710844,-0.7016867469879519,0.11289156626506025,268.7925301204819,64.73204819277109,82261.28060240964
百色,42.920625,57.93729166666666,18.389236111111114,7.388819444444445,0.6463888888888889,45.01569444444445,-2.0500694444444445,-0.7727777777777778,281.28875,62.55451388888889,94140.19020833334
益阳,71.72190476190477,116.12904761904763,12.04642857142857,30.87452380952381,1.2792857142857141,46.985,-0.6914285714285714,-4.102142857142857,278.37928571428574,57.73642857142857,101935.0638095238
盐城,28.305,43.61448275862069,7.591034482758621,18.153620689655174,0.47586206896551725,48.86206896551724,-1.373793103448276,-5.125,278.1913793103448,72.67551724137931,103580.3674137931
盘锦,55.92913043478261,81.03304347826086,30.42739130434783,43.98391304347826,1.1317391304347826,25.94347826086957,-0.7295652173913044,1.678695652173913,264.9478260869565,45.56217391304348,103757.02086956521
眉山,77.00264705882353,109.73470588235294,8.569705882352942,35.063529411764705,0.8258823529411765,20.458823529411767,-1.018529411764706,-1.791764705882353,279.6844117647059,59.47029411764706,96959.95294117647
石嘴山,53.63355555555555,90.72488888888888,40.46644444444444,32.13433333333334,1.4125555555555556,29.255,1.151,1.3644444444444443,267.4088888888889,42.92633333333333,87653.26577777778
石家庄,90.26240740740741,137.76037037037037,25.99074074074074,66.21314814814815,1.390185185185185,17.492592592592594,-0.4061111111111111,1.310925925925926,270.79981481481485,27.05685185185185,101404.32
石河子,6.173067632850242,7.2412077294685995,2.179734299516908,1.3428019323671496,0.1983816425120773,54.24954106280194,2.17256038647343,-0.1292512077294686,266.591884057971,52.246280193236714,83389.06584541062
福州,14.299620253164559,21.188101265822787,5.67620253164557,13.879367088607596,0.47468354430379744,50.33974683544304,-4.334430379746836,-5.076835443037974,285.49531645569624,87.63341772151898,97825.11506329113
秦皇岛,36.390499999999996,75.55383333333333,20.028166666666667,43.66316666666667,1.1445,21.853166666666667,2.367,0.9149999999999999,267.88716666666664,40.126999999999995,99499.36616666666
红河哈尼族彝族自治州,20.22322033898305,30.600169491525424,11.092966101694916,5.378389830508475,0.5313559322033898,40.34440677966102,-1.2184745762711864,1.8723728813559322,283.435593220339,87.52661016949152,86286.23550847456
绍兴,104.26685714285715,138.01171428571428,15.705714285714286,72.95885714285714,1.316857142857143,6.3111428571428565,-1.3399999999999999,-3.7874285714285714,278.9234285714286,77.462,101202.16971428572
绥化,36.919938271604934,47.46043209876543,9.72679012345679,16.265,0.5387037037037037,33.62271604938272,3.192037037037037,2.1655555555555557,257.03882716049384,60.24827160493827,100754.0100617284
绵阳,60.84957142857143,86.12342857142858,9.912571428571429,25.261,0.7242857142857143,28.457285714285714,-0.2957142857142857,1.1182857142857143,273.01442857142854,76.49171428571428,86627.16457142857
聊城,72.29960784313725,124.03647058823529,25.2956862745098,61.62705882352941,1.1556862745098038,20.854509803921566,-1.5005882352941178,2.2890196078431373,272.74411764705883,36.74,103359.72509803923
肇庆,24.84891304347826,35.375,11.243478260869566,17.96413043478261,0.8065217391304348,31.206521739130434,-3.9443478260869567,-5.090434782608695,284.7634782608696,65.89565217391304,100589.29130434783
自贡,74.06833333333334,96.2075,9.510833333333332,33.08625,0.8258333333333333,17.12666666666667,-1.9116666666666668,-1.7354166666666666,281.26375,48.31583333333333,98199.4975
舟山,35.725,45.14666666666667,8.113333333333333,14.215000000000002,0.48500000000000004,54.655,-2.46,-6.361666666666667,283.9316666666667,68.665,103004.33666666667
芜湖,88.66444444444444,110.31166666666667,13.25,56.15111111111111,1.1016666666666668,25.71333333333333,-4.235,-3.518888888888889,277.63666666666666,61.72722222222222,103315.335
苏州,68.65545454545455,98.49681818181817,13.298181818181819,60.21272727272728,1.005,23.761363636363637,-1.475,-5.832272727272727,279.93045454545455,72.37181818181818,103370.65909090909
茂名,34.6765306122449,47.70204081632653,15.307551020408164,13.929591836734692,0.7555102040816327,37.945306122448976,-5.590612244897959,-5.994285714285715,287.95591836734695,62.312653061224495,100714.63795918367
荆州,82.02622641509434,131.35509433962264,14.079811320754718,39.93603773584906,1.109056603773585,30.556792452830187,-2.4747169811320755,-4.6084905660377355,277.7245283018868,47.90037735849056,103043.11226415094
荆门,100.41973684210525,124.3942105263158,13.807105263157894,44.13947368421052,1.0455263157894736,38.298421052631575,-1.3997368421052632,-4.104473684210526,275.92105263157896,43.10473684210526,101778.64368421053
莆田,14.020504201680673,19.59655462184874,4.961680672268908,12.01529411764706,0.3557142857142857,56.391680672268905,-3.397899159663866,-4.489831932773109,287.27747899159664,82.63504201680672,92610.57983193277
莱芜,51.67714285714286,91.92314285714285,15.338571428571429,46.937999999999995,0.968857142857143,27.339714285714287,-3.0194285714285716,0.4788571428571429,270.92542857142854,62.70885714285714,99919.53114285714
菏泽,87.85380952380953,140.24119047619047,19.26047619047619,56.294761904761906,1.1861904761904762,25.47785714285714,-2.7871428571428574,0.27404761904761904,273.2845238095238,39.8002380952381,103270.82500000001
萍乡,72.35932203389831,96.7222033898305,18.61271186440678,23.753898305084746,0.9988135593220339,38.52576271186441,-4.43050847457627,-2.226101694915254,278.51288135593217,70.81491525423729,99229.56508474576
营口,37.06936170212766,55.59255319148936,16.184255319148935,36.11,0.9606382978723403,29.217021276595744,-0.21914893617021278,-0.6034042553191489,265.7136170212766,49.09255319148936,101835.83702127659
葫芦岛,37.51117647058824,69.83794117647058,22.630294117647058,31.727941176470587,1.0223529411764705,27.764411764705883,2.526764705882353,0.6785294117647059,267.6855882352941,36.89264705882353,101800.57058823529
蚌埠,72.39257142857143,107.05571428571427,13.234285714285713,47.21742857142857,0.8342857142857143,33.00714285714286,-3.756857142857143,-3.3665714285714285,275.58200000000005,58.098,103282.054
衡水,52.07613636363636,87.15590909090909,21.434545454545454,51.7075,1.0720454545454545,24.836363636363636,-0.7384090909090909,3.3234090909090908,271.8988636363636,30.00272727272727,103541.40772727273
衡阳,91.47593220338983,107.30254237288136,13.54322033898305,32.998474576271185,1.0910169491525425,35.38677966101695,-1.4377966101694915,-4.596949152542373,279.53474576271185,64.58338983050848,101472.50135593221
衢州,66.92746268656717,88.57761194029851,8.786119402985074,37.093134328358204,1.0065671641791045,22.081194029850746,-4.750298507462686,-2.490149253731343,276.15432835820894,75.33567164179104,98967.59656716418
襄樊,118.35027397260274,149.95890410958904,14.188356164383562,45.95630136986301,1.176849315068493,37.91767123287671,-2.1027397260273974,-2.182191780821918,273.9786301369863,41.143013698630135,99852.99630136987
西双版纳傣族自治州,14.415981308411215,27.520841121495327,8.962897196261682,3.733551401869159,0.4150467289719626,24.97214953271028,-3.56,-0.4253271028037383,285.74429906542053,87.59196261682243,89263.0738317757
西宁,33.18689655172414,42.867413793103445,11.65155172413793,18.014482758620687,0.8641379310344827,58.50879310344827,0.1639655172413793,-0.4063793103448276,266.3096551724138,62.93603448275862,70059.43637931034
西安,86.0582,123.26360000000001,24.5652,52.8388,1.315,24.722400000000004,-2.8975999999999997,2.2944,272.0432,37.5188,91212.79759999999
许昌,160.76681818181817,193.09545454545457,20.61818181818182,63.27681818181818,1.3945454545454545,24.311818181818182,-2.7227272727272727,-1.8686363636363637,273.22636363636366,39.322272727272725,102658.23545454546
贵港,33.883529411764705,42.15882352941176,9.496862745098039,12.218627450980392,0.7745098039215687,40.49705882352941,-4.009019607843137,-4.501568627450981,284.47764705882355,63.20470588235294,100453.4131372549
贵阳,57.964166666666664,87.52516666666666,19.481833333333334,28.910833333333336,0.6743333333333333,32.326,-2.9741666666666666,3.8015,276.8011666666667,58.098499999999994,89291.837
贺州,45.014634146341464,56.85597560975609,14.283780487804878,13.802926829268293,0.7845121951219513,45.16487804878049,-3.0851219512195125,-5.8531707317073165,281.45048780487804,70.61024390243902,97550.26548780488
资阳,67.85878787878788,95.41696969696969,7.0206060606060605,28.466060606060605,0.7284848484848485,23.4430303030303,-3.173636363636364,-1.4336363636363636,280.3057575757576,56.46787878787879,97790.97393939394
赣州,47.52352,64.85904000000001,14.392959999999999,13.30288,0.9504,41.170480000000005,-0.55376,-5.373279999999999,279.50688,80.19775999999999,99034.62632
赤峰,19.53007263922518,27.815932203389828,14.661331719128329,11.781138014527844,0.43070217917675546,36.52026634382567,3.9357384987893465,3.09181598062954,263.1324697336562,51.175036319612595,91919.94944309926
辽源,58.46982456140351,73.3580701754386,10.517192982456141,25.29859649122807,0.7601754385964912,32.348771929824565,2.087017543859649,2.214210526315789,260.4578947368421,61.79982456140351,99200.9807017544
辽阳,52.70285714285714,83.59476190476191,23.532380952380954,44.77095238095238,1.466190476190476,19.56047619047619,-0.08333333333333333,1.0757142857142856,263.5595238095238,51.89333333333333,101811.03952380952
达州,95.0633009708738,134.0526213592233,11.586601941747574,33.00495145631068,1.1744660194174756,33.618155339805824,-4.515533980582524,0.9757281553398058,278.17660194174755,46.75883495145631,95428.17029126213
运城,74.22272727272727,117.94927272727273,41.93745454545454,45.77818181818182,1.5463636363636364,32.47963636363637,-4.765818181818182,3.024,271.85200000000003,25.012,95266.39763636363
连云港,23.502142857142857,44.85785714285714,8.68,24.46261904761905,0.5671428571428572,44.61952380952381,-2.3416666666666663,-4.063095238095238,276.60238095238094,70.45857142857143,103513.1830952381
迪庆藏族自治州,6.4266793893129766,7.257442748091603,1.5072137404580153,1.2571374045801527,0.19698473282442747,82.45889312977098,8.495000000000001,4.089770992366412,270.5315648854962,67.26583969465649,65448.4434351145
通化,47.67386363636364,60.82352272727273,12.99659090909091,21.439318181818184,0.8115909090909091,28.465227272727272,0.705,0.06386363636363636,259.59579545454545,68.42045454545455,97129.29375
通辽,19.775000000000002,29.203526785714285,10.626160714285714,10.358526785714286,0.4052678571428571,33.51625,1.4965625,2.8456696428571426,263.3513839285714,45.15419642857143,99884.40290178571
遂宁,60.559555555555555,88.70311111111111,8.962,30.510666666666665,0.7855555555555556,21.43888888888889,-3.383777777777778,-0.9733333333333333,280.5982222222222,53.78644444444444,98407.8748888889
遵义,52.105,73.35031746031746,19.331031746031748,12.725158730158729,0.6471428571428571,38.742619047619044,-5.88031746031746,2.926031746031746,275.9172222222222,51.95095238095238,91648.16753968253
邢台,63.59795454545454,109.01181818181819,23.44522727272727,53.6625,1.231818181818182,22.625454545454545,-0.6754545454545454,4.223409090909091,272.24,28.17590909090909,102374.72227272727
那曲地区,3.59948310139165,3.9502982107355864,0.40001325381047054,0.16680583167660704,0.13166335321404904,80.21935719019217,4.566547382372432,0.7962823061630219,257.26730284956926,64.51826375082837,55338.633591782636
邯郸,76.72125,127.74333333333334,29.137291666666666,58.25395833333334,1.4735416666666667,20.208125,0.05979166666666666,3.5081249999999997,272.57187500000003,28.805208333333336,101611.57770833332
邵阳,71.97,92.05674698795181,15.470361445783132,24.661807228915663,0.9628915662650602,46.26192771084337,-3.2955421686746984,-2.4567469879518073,276.7459036144578,61.76397590361446,96683.19445783133
郑州,132.006,169.7432,19.2196,71.1804,1.3896000000000002,16.324,-2.19,-0.34600000000000003,272.0548,33.747600000000006,100819.8432
郴州,57.05582524271845,78.83631067961166,11.806990291262135,22.517669902912623,1.1181553398058253,35.502038834951456,-0.6833009708737864,-3.615436893203883,278.71436893203884,76.18038834951456,96778.193592233
鄂尔多斯,52.327790697674416,93.34046511627906,36.43255813953488,47.09203488372093,1.313313953488372,24.521220930232555,0.6962209302325582,4.894011627906977,266.8688953488372,51.59209302325581,87257.58540697674
鄂州,75.863125,106.226875,11.818125,38.773125,0.91,41.1625,-4.8125,-0.3675,278.48625,49.659375,103025.835
酒泉,3.4595263157894736,4.37346052631579,0.9751447368421052,0.6842631578947368,0.14842105263157895,64.1217105263158,4.268828947368421,-0.37996052631578947,262.95126315789474,48.39851315789474,74666.89622368422
重庆,65.89999999999999,88.33047619047619,20.380000000000003,16.120396825396828,0.7287301587301587,32.67071428571429,-4.691904761904762,3.6167460317460316,277.6171428571429,46.932698412698414,94209.23007936508
金华,84.16888888888889,113.09333333333333,10.63314814814815,54.8812962962963,1.2214814814814816,11.960555555555556,-1.5990740740740739,-3.053148148148148,276.67518518518517,76.43888888888888,100083.5287037037
金昌,21.432682926829266,39.257154471544716,10.389024390243902,10.10130081300813,0.4110569105691057,54.18284552845528,3.7984552845528454,-1.2110569105691058,266.84731707317076,48.678536585365855,81841.27406504066
钦州,33.9531914893617,41.83468085106383,9.958936170212766,15.462127659574469,1.0119148936170212,33.54021276595745,-3.6136170212765957,-7.1655319148936165,284.4487234042553,63.72680851063829,101524.38212765957
铁岭,64.92415094339623,89.51566037735849,16.26547169811321,31.72132075471698,0.7888679245283019,26.133773584905658,1.1805660377358491,2.65,262.1101886792453,49.63358490566038,101966.8916981132
铜仁,45.55271844660194,77.65038834951456,16.31990291262136,17.4573786407767,0.782621359223301,43.74116504854369,-4.71621359223301,-0.3205825242718447,275.35708737864076,48.3404854368932,94009.55330097087
铜川,72.27456521739131,116.55108695652174,37.943695652173915,58.625652173913046,1.7432608695652174,19.304347826086957,-3.655,1.221304347826087,270.33673913043475,30.34586956521739,90013.59326086957
铜陵,92.47448275862068,115.5303448275862,13.91448275862069,53.14896551724138,1.0344827586206897,27.82344827586207,-4.813793103448275,-2.7872413793103448,277.34344827586204,61.872068965517244,102732.8896551724
银川,58.82444444444444,100.32972222222222,38.69680555555556,37.49805555555556,1.5668055555555556,28.284861111111113,0.7958333333333333,0.36041666666666666,267.91805555555555,43.57194444444444,87045.62
锡林郭勒盟,18.893265306122448,28.993500784929356,19.564992150706434,12.446671899529042,0.3637833594976452,34.69946624803768,3.653673469387755,5.114599686028257,263.0899529042386,57.559215070643646,89167.6302354788
锦州,47.995,70.951,31.623,35.318999999999996,0.9726666666666667,29.194666666666667,0.422,1.4986666666666666,265.9386666666667,42.852999999999994,102530.72066666668
镇江,64.16666666666667,97.21166666666666,11.755555555555555,53.34,0.9011111111111111,28.94833333333333,-2.812222222222222,-4.990555555555556,277.44388888888886,65.98944444444444,103360.60333333333
长春,41.933571428571426,59.06285714285714,12.65157142857143,25.994571428571426,0.7045714285714286,33.15642857142857,2.948714285714286,2.5691428571428574,260.2094285714286,52.16328571428571,101076.16928571428
长沙,91.91973684210525,118.44815789473684,12.903421052631579,33.93421052631579,1.0055263157894736,37.25894736842105,-1.8778947368421053,-2.834473684210526,279.3021052631579,59.59736842105263,101882.06052631578
长治,57.53060606060606,105.52757575757575,47.19969696969697,56.35939393939394,1.7284848484848485,20.683030303030304,1.4533333333333334,2.413636363636364,269.04333333333335,25.606363636363636,90984.09757575758
阜新,38.00821428571429,58.79738095238095,21.829880952380954,23.33595238095238,0.7484523809523809,32.42142857142857,1.0939285714285714,2.202142857142857,263.8777380952381,45.19797619047619,100727.13273809524
阜阳,97.8556603773585,136.13075471698113,15.688867924528301,48.374150943396224,0.9901886792452831,32.33,-4.775471698113208,-1.9539622641509435,275.1262264150943,52.80641509433962,103276.03509433963
防城港,35.20585365853659,44.961463414634146,10.886829268292683,16.3809756097561,0.9458536585365854,31.996829268292686,-1.961219512195122,-7.055121951219512,283.1012195121951,65.57195121951219,100091.09414634146
阳江,34.27025,47.53175,14.8315,21.22525,0.727,30.50475,-3.5700000000000003,-8.652750000000001,285.93075,64.65700000000001,100713.7045
阳泉,66.38431034482758,114.0496551724138,43.33844827586207,63.244482758620684,1.413103448275862,14.87448275862069,1.9255172413793102,2.8208620689655173,269.1036206896552,24.32051724137931,90619.95293103448
阿克苏地区,13.148988326848249,33.16774319066148,2.0697859922178985,3.24852140077821,0.32879377431906615,50.57282101167315,1.197568093385214,0.4878793774319066,268.7120817120623,45.32708171206225,85898.61801556419
阿勒泰地区,4.883702928870292,5.685962343096234,3.165878661087866,3.1606485355648535,0.4056485355648536,60.43564853556486,-1.82081589958159,0.9071548117154812,262.5626359832636,57.43514644351465,89141.15223849373
阿图什,13.81604895104895,33.70968531468531,1.3383566433566434,3.8589860139860144,0.3848601398601399,65.23020979020978,3.2047202797202794,-2.808776223776224,264.5218881118881,34.86989510489511,72752.55356643356
阿坝藏族羌族自治州,6.3247307692307695,7.607076923076923,1.0247692307692307,3.2644615384615383,0.18007692307692308,77.67453846153846,6.288076923076924,2.1391153846153843,268.94903846153846,46.43342307692308,64282.93046153846
阿拉善盟,13.581986754966888,17.589823399558497,8.499403973509933,4.336225165562913,0.25311258278145693,43.65679911699779,3.4332008830022076,0.5952317880794702,265.8418543046358,50.16953642384106,88517.63072847681
阿里地区,5.2931100478468895,5.793321941216678,0.7228913192071086,0.7522693096377306,0.15190704032809296,85.82460697197538,3.981168831168831,-0.32829118250170886,254.3574162679426,61.341626794258374,54455.90704032809
陇南,46.15868965517242,67.72331034482758,17.65496551724138,19.635793103448275,0.9227586206896552,34.06786206896552,-1.3989655172413793,3.5918620689655176,269.87620689655176,75.00393103448276,82279.76434482759
随州,89.90015625,128.0490625,12.51265625,44.0853125,1.02921875,43.6721875,-4.25921875,-2.59140625,274.92265625,49.30921875,101263.13
雅安,40.68512987012987,54.56707792207792,6.047857142857143,10.166688311688311,0.4222077922077922,62.90954545454545,4.021493506493507,0.9909090909090909,272.1001298701299,55.89603896103896,72970.76103896103
青岛,25.35717391304348,53.276739130434784,12.642608695652173,34.532391304347826,0.7602173913043478,34.325,-1.1121739130434782,-2.4795652173913045,272.54869565217393,67.69434782608695,103212.85391304348
鞍山,40.26,67.40428571428572,20.42457142857143,41.724,1.1702857142857144,23.33514285714286,0.08057142857142859,0.3357142857142857,264.114,48.913714285714285,101757.8402857143
韶关,29.938636363636363,43.02636363636364,12.967727272727274,15.024545454545455,0.8248863636363637,41.02215909090909,-2.9007954545454546,-5.323409090909091,281.02727272727276,73.61363636363636,98135.13022727273
马鞍山,75.52434782608695,102.31434782608696,12.070434782608697,56.98260869565217,0.9856521739130436,24.666521739130438,-3.645217391304348,-4.325652173913043,277.39565217391305,61.31478260869565,103385.54043478261
驻马店,123.73313725490196,170.14549019607844,13.397450980392156,48.79176470588236,1.1398039215686273,36.53235294117647,-3.7786274509803923,-2.2082352941176473,274.07529411764705,49.84549019607843,102457.32098039216
鸡西,27.646615384615384,36.89830769230769,6.378307692307692,13.968307692307693,0.3964615384615385,42.442461538461544,7.224307692307692,-1.9658461538461538,257.14307692307693,64.28246153846153,99839.79846153846
鹤壁,78.85541666666667,114.88583333333334,20.100416666666664,53.58875,1.2245833333333334,28.59958333333333,-0.13416666666666668,1.2449999999999999,272.23,28.954583333333332,100279.62708333333
鹤岗,17.4,25.820804597701148,5.467471264367816,9.178275862068965,0.35919540229885055,44.48275862068966,5.649425287356322,0.02563218390804597,256.08,59.40885057471264,100486.11494252873
鹰潭,61.799787234042554,84.87978723404255,13.009787234042554,29.57936170212766,0.9151063829787234,23.11659574468085,-3.5795744680851067,-2.5385106382978724,278.14255319148936,78.48510638297873,100444.2714893617
黄冈,77.02103448275862,103.95568965517242,12.611206896551725,38.359655172413795,0.8184482758620689,47.680517241379306,-4.90896551724138,-1.5094827586206896,276.46224137931034,47.31431034482759,100040.4148275862
黄南藏族自治州,6.888627450980392,8.174607843137254,2.361372549019608,2.5921568627450977,0.1953921568627451,68.45166666666667,4.866764705882353,1.1409803921568626,265.87960784313725,55.67539215686275,65454.11450980392
黄山,62.098679245283016,83.02962264150943,10.136037735849058,22.225471698113207,0.8794339622641509,33.574528301886794,-5.074716981132075,-1.9141509433962265,275.66188679245283,68.1543396226415,98679.97433962264
黄石,77.20275862068966,98.21000000000001,14.439310344827586,33.872068965517244,0.9013793103448277,47.38586206896552,-5.4062068965517245,-1.3962068965517243,277.6948275862069,60.48344827586207,101828.14896551723
黑河,15.734169741697418,24.69357933579336,6.139225092250922,7.09250922509225,0.41579335793357936,38.70261992619926,4.39929889298893,2.84140221402214,254.77527675276755,65.72129151291513,98316.02206642067
黔东南苗族侗族自治州,48.08338842975207,73.63446280991735,26.078512396694215,15.290082644628098,0.7316528925619835,46.09710743801653,-3.3023966942148757,-2.390909090909091,276.1669421487603,52.00867768595042,93645.38652892562
黔南布依族苗族自治州,51.08112359550562,70.75044943820225,22.66640449438202,14.17820224719101,0.5865168539325843,44.892808988764045,-2.980337078651685,-0.6898876404494382,277.1274157303371,53.77033707865169,91730.57629213484
齐齐哈尔,17.755276073619633,24.348957055214726,10.468006134969325,9.900306748466258,0.3818711656441718,36.51622699386503,2.9196012269938647,2.3834049079754602,258.36518404907974,52.38061349693252,99388.96972392638
龙岩,20.519111111111112,33.50644444444444,12.751555555555553,13.247222222222222,0.7336666666666667,27.598666666666666,-1.4384444444444446,-3.3115555555555556,282.02655555555555,84.67888888888889,96309.97488888889
